id;thumb_url;file_url;created_at
1;Savings;Sri;2021-05-26T01:07:18
2;Soap;Central Squares Team-oriented;2021-05-25T10:36:06
3;Card;Data Engineer;2021-05-25T19:49:07
4;reinvent;invoice;2021-05-25T05:37:43
5;Infrastructure Quality;toolset;2021-05-25T17:46:18
6;Tuna bandwidth Loaf;Generic;2021-05-25T23:37:55
7;tertiary withdrawal invoice;Lead Cheese;2021-05-25T18:58:39
8;card grey;Cotton Liaison;2021-05-26T02:08:07
9;Mississippi Shoes;methodology Luxembourg Account;2021-05-25T23:00:10
10;Berkshire Pennsylvania synergy;well-modulated;2021-05-25T12:33:35
