id;title;description;location;job_type;contact_email;created_at;closed_at;activated
1;Armenia Optimization;for hacking maximize;deposit;FULL_TIME;Investor Drive;2021-05-16T22:03:16;2021-05-16T10:27:30;false
2;Licensed copying Beauty;pink applications;Plastic Down-sized ADP;FULL_TIME;Incredible;2021-05-16T16:33:28;2021-05-16T12:18:31;true
3;card Mills;enterprise initiatives envisioneer;firewall generate Operations;INTERNSHIP;application help-desk;2021-05-16T15:30:27;2021-05-16T09:09:01;true
4;Incredible;Intelligent Optimization SDR;content-based;PART_TIME;synergies;2021-05-16T13:36:11;2021-05-16T18:19:41;true
5;orchestration Turnpike;Cotton;input Savings Togo;FULL_TIME;Exclusive Rand;2021-05-16T16:01:12;2021-05-16T07:06:49;true
6;parsing;national strategy Outdoors;Outdoors;TEMPORARY;Extension;2021-05-16T22:43:25;2021-05-17T00:43:29;false
7;Views deposit white;e-markets;up synthesize;FULL_TIME;FTP content generating;2021-05-16T11:46:29;2021-05-16T19:25:00;false
8;Specialist up;Metal;Mexico Handmade high-level;PART_TIME;ivory feed;2021-05-16T13:49:30;2021-05-16T12:24:57;true
9;extensible Bedfordshire;Loan Hill;Auto;TEMPORARY;web-enabled non-volatile;2021-05-17T04:13:28;2021-05-17T01:19:20;true
10;deposit Chief Consultant;Buckinghamshire panel;Mississippi bypassing;INTERNSHIP;green Tasty Unbranded;2021-05-16T08:47:15;2021-05-16T20:21:09;false
