id;birthday;country;location;phone_number;address;about
1;2021-04-09T03:48:10;Mozambique;Handcrafted;"+54678132235816";back-end View Georgia;projection Computer Interactions
2;2021-04-09T14:14:54;Pitcairn Islands;Auto initiatives implement;"+4682988093844";interface payment bypass;redefine Baby
3;2021-04-09T07:18:27;Oman;Investment client-driven Accountability;"+95027574761156";Honduras Cambridgeshire utilize;holistic
4;2021-04-09T07:26:24;Uzbekistan;Islands holistic syndicate;"+2460598925430";SAS;Awesome
5;2021-04-09T15:15:02;Saint Barthelemy;transmit online needs-based;"+609391162";programming monitor;orange
6;2021-04-09T11:10:11;Lao People's Democratic Republic;Intelligent deposit Salad;"+3772807277";Customer Gorgeous Facilitator;program
7;2021-04-09T05:37:12;South Georgia and the South Sandwich Islands;Multi-tiered;"+42387321";24 Inlet Dollar;Awesome
8;2021-04-09T00:42:34;Pakistan;Borders Forward;"+534475864";24/365 multi-byte Small;Checking
9;2021-04-09T07:47:43;Ethiopia;Multi-lateral hardware;"+961850732089162";lavender;Optional
10;2021-04-09T10:37:00;Pitcairn Islands;Brand Table;"+018306510647927";Practical Rubber program;Pizza Small Rwanda
