id;name;description;start_date;end_date;url
1;contextually-based Alaska Fresh;Table Micronesia;2021-04-09T17:27:36;2021-04-09T07:22:47;http://ward.net
2;Kansas Garden;Engineer;2021-04-09T08:49:53;2021-04-08T21:33:35;https://helmer.info
3;Soft;Sleek Assistant Bike;2021-04-09T06:46:57;2021-04-09T05:43:58;http://madonna.net
4;optical;vortals revolutionary;2021-04-09T09:37:31;2021-04-09T16:33:48;http://rosina.com
5;Supervisor index Diverse;Brand copying;2021-04-08T20:41:11;2021-04-09T06:59:25;http://madalyn.name
6;Azerbaijanian Research Optional;multi-byte iterate;2021-04-09T12:41:27;2021-04-09T07:13:56;https://vincenzo.biz
7;Euro;firewall ADP International;2021-04-08T23:07:24;2021-04-09T12:37:21;https://taryn.com
8;Gloves violet Account;pink;2021-04-08T21:44:56;2021-04-09T00:49:40;http://nikko.net
9;port Computer;Central Mouse;2021-04-08T18:55:54;2021-04-09T07:51:06;https://johnathan.info
10;Vision-oriented empowering auxiliary;Account withdrawal;2021-04-09T14:15:38;2021-04-09T09:31:00;https://palma.name
