id;title;employment_type;location;start_date;end_date;industry
1;cross-media Usability deposit;INTERNSHIP;haptic Chips;2021-04-08T22:51:44;2021-04-09T09:34:42;wireless
2;Jewelery;SELF_EMPLOYED;National;2021-04-08T23:35:26;2021-04-08T22:24:16;multi-byte French info-mediaries
3;Credit;FULL_TIME;Communications Global;2021-04-09T05:55:51;2021-04-09T06:58:24;Distributed Representative
4;deposit Planner Ergonomic;INTERNSHIP;multi-byte;2021-04-09T03:01:53;2021-04-09T08:51:57;index Manat
5;Salad modular Plastic;FREE_LANCE;maroon application Optimization;2021-04-09T13:19:57;2021-04-09T01:03:03;Colorado Gloves Metal
6;access;SELF_EMPLOYED;Shirt Avon;2021-04-09T08:53:07;2021-04-08T23:38:03;expedite SMTP
7;scale Garden Georgia;FULL_TIME;Niue digital;2021-04-09T16:57:02;2021-04-09T02:11:02;Fresh
8;Fantastic Decentralized sexy;FULL_TIME;Berkshire ROI Steel;2021-04-09T16:44:37;2021-04-09T13:39:48;payment
9;Rubber;FREE_LANCE;robust Applications Digitized;2021-04-09T05:03:43;2021-04-08T22:00:14;Web Internal
10;EXE Hryvnia;INTERNSHIP;Home Checking withdrawal;2021-04-09T05:52:58;2021-04-09T14:26:49;Berkshire
